area,contourLength,ConvexHullLength,ConvexityDefects,compactness,circularity,aspectRatio,extent,HuMoment1,HuMoment2,HuMoment3,HuMoment4,HuMoment5,HuMoment6,HuMoment7,target
28613.5,733.8893899917603,689.9539957046509,2740.6666666666665,0.025648361437494896,0.6676050755978188,1.8873239436619718,0.7518788101744797,0.6930888756414864,1.840233792529428,3.4438281970648017,4.2262322140242885,8.067899119119769,5.1759134441101935,-8.820056755659369,paper
28672.5,1100.7077120542526,779.2676684856415,13992.666666666666,0.03838896894425853,0.297393455236309,1.6201117318435754,0.5523502215372761,0.6239415668316792,1.6181062124984649,3.6127775401546707,4.862519720550231,9.159284405276532,5.773507845125616,9.408474740362658,paper
31991.0,858.7594475746155,758.9004797935486,5524.333333333333,0.026843782550549075,0.5451231476548192,1.9933333333333334,0.713288740245262,0.666780961670299,1.7269652423142028,3.6251477951633126,4.873900025361985,9.667463675467584,-6.427979288815476,-9.141137759675829,paper
34218.0,871.1269774436951,806.2236281633377,5120.333333333333,0.02545815002173403,0.5666326027906049,1.7570621468926553,0.6216142569077334,0.6499800964339464,1.6840733039282187,2.9504474513859598,4.1541284824908145,-7.931635056678745,-5.179252310044166,7.801405801008362,paper
43168.0,1002.7594478130341,837.5985505580902,8496.333333333334,0.023229231092777847,0.5394836249364189,1.6576086956521738,0.7692088382038489,0.7219319422501906,2.0816699051753793,3.5586847310338516,4.454405023582939,8.460824438703188,5.509049990380972,11.65585084582636,paper
27040.0,795.0437179803848,692.7656880617142,5401.666666666667,0.029402504363179913,0.5375693889996601,1.856164383561644,0.6834150533286155,0.6709585042089853,1.7651887863335,3.3689945609940097,4.140600424275096,7.899315630535505,5.035639613408681,-8.767077448962688,paper
28183.0,726.0142810344696,679.8185069561005,2616.3333333333335,0.025760716780841984,0.6719032744034289,1.4821428571428572,0.6737186842608529,0.6985273617675841,1.8818918146315413,3.353081444635425,4.133116872227432,7.876318264989539,5.081209435677002,-9.47835782244626,paper
34219.5,947.5950161218643,814.4107183218002,8363.0,0.027691667503086378,0.47889244733317105,1.4685990338164252,0.5437881388253242,0.6608957006220997,1.8516989445920162,2.785036337199255,4.3847999340209975,8.409353165452154,-6.042247670809248,8.000409652620428,paper
25447.0,793.3279881477356,730.0227100849152,4864.333333333333,0.0311756980448672,0.5080902971600197,1.9391891891891893,0.5990912515302759,0.5893432020226992,1.424144313411384,3.2391588185159277,4.182205373573246,-9.198924731307528,-5.9621229330089145,-7.8933829650477465,paper
34182.0,863.2691138982773,797.7579534053802,4727.0,0.025255079102986286,0.576387996542566,1.8658536585365855,0.6811334289813487,0.6503893132474311,1.6778277808474205,2.9740456817042547,4.140073938850534,-7.703803888287897,-4.99223598344723,8.455943431085842,paper
34164.0,853.7300096750259,779.3103835582733,4279.333333333333,0.024989170169623754,0.5890300913664249,1.9230769230769231,0.73,0.6660672713820053,1.7059858335440192,3.7108841950500917,4.792646701771162,-9.131957583460485,-5.6695718446593615,-9.281963539781323,paper
32378.0,824.9848420619965,756.4671709537506,4026.6666666666665,0.02547979622157009,0.5978165647220823,1.670520231213873,0.6475988559313559,0.6730709862060218,1.7464026459446953,3.5695390454102496,4.626859417443871,8.870209378916902,5.977415970594115,-8.88040573405226,paper
33511.0,837.445738196373,786.2485568523407,4004.3333333333335,0.02499017451572239,0.6004597461002362,2.1506849315068495,0.7309789721664777,0.6422181388635426,1.598294037486738,3.861059041599884,5.01747862583836,-11.007143868753381,-6.398836029025799,-9.45564472428661,paper
34116.5,937.4284937381744,829.9364657402039,6963.333333333333,0.027477276207646575,0.4878631713617282,2.1476510067114094,0.7155306208053691,0.5978740995586406,1.4667542469652155,3.7529633898255064,4.420208762726377,9.218775639724782,-5.529803264396289,8.514963397653053,paper
32383.5,912.8843374252319,785.819054722786,6917.666666666667,0.028189798428991057,0.4883173304310039,2.0326797385620914,0.6805686904987075,0.6381767771023145,1.6122754459769828,3.839351957035578,4.566994217098005,8.874180860286154,5.395905662013818,-8.978992188676653,paper
41210.5,921.0020883083344,809.8319368362427,5615.666666666667,0.02234872394919582,0.6105152518604675,1.7906976744186047,0.7779088643914225,0.7198824007031986,1.991035150092854,4.312243772469675,5.060779555274626,9.775596486840033,6.102059290023954,10.17932048741591,paper
34111.0,895.4356330633163,776.0250352621078,5817.0,0.026250641525118475,0.5346081434793698,1.2638888888888888,0.5784662867996201,0.673065576980948,1.780699406934036,3.2257805441997593,4.645084882418292,-8.604481908463011,-5.545144514664213,9.068983423565784,paper
40298.0,979.3868639469147,794.9175276756287,8393.666666666666,0.02430360970636048,0.5279402905338872,1.6292134831460674,0.7806664083688493,0.7329156340180589,2.1382249518808965,4.04813108730318,4.75865457246396,9.165023272013588,5.855042032099085,10.048509804975549,paper
24565.5,754.315796494484,631.5611536502838,6189.333333333333,0.030706307483848647,0.5425366319016546,1.36875,0.7010702054794521,0.7227141877144819,2.101582478012208,3.364143903010423,4.380105148043795,8.31202591146245,5.561505847122884,8.561043536776248,paper
29820.0,1033.0681018829346,752.1941721439362,13583.0,0.03464346418118493,0.35112325924013704,1.55,0.5937873357228196,0.6755680445867044,1.8812143093273885,5.680384443843043,4.374819867141762,-9.676359687624583,5.394023759456571,-9.472626973905466,paper
28251.0,814.9848438501358,700.2038078308105,6822.333333333333,0.02884799985310735,0.5344962032111281,1.2694300518134716,0.5974621973141588,0.704239611955992,2.255202186312115,2.8146332483798484,3.9465832787355892,7.7676981577779065,5.154055331933791,-7.357797506370024,paper
41288.0,868.7594478130341,828.7265017032623,1531.3333333333333,0.02104145145836645,0.6874397310558894,1.7965116279069768,0.7768495521938737,0.6927100452211301,1.8641063099910524,3.114787926017482,4.063677209854134,7.652895970140367,4.996212685289505,-9.93902999435543,paper
34061.0,858.6416971683502,799.5938085317612,4290.333333333333,0.02520893976008779,0.5805549185100137,1.7714285714285714,0.627852534562212,0.6482548744532622,1.654107178801058,3.0870095595350033,4.268559699754338,-7.94896016250936,-5.095979884511731,-8.90371312627483,paper
41788.0,1001.3279889822006,821.1560130119324,7921.666666666667,0.023962094117502646,0.5237315521418311,1.375,0.7597818181818182,0.7372210008865099,2.215994199178919,3.7327486651217154,4.909963072348264,9.233314973795679,6.032606211695015,10.175647828393068,paper
29810.5,992.1980454921722,729.950353384018,11673.666666666666,0.03328350901501727,0.3805242949745147,1.5393258426966292,0.6112216025588453,0.6827658197024674,1.901390170117132,3.8390269306753506,4.357492859202941,8.542472432851476,5.308727994638021,-8.696465666894042,paper
24483.5,733.8305152654648,681.130203962326,3295.0,0.029972451457735406,0.5713363174647462,2.1181102362204722,0.7166671545239002,0.6255896358451956,1.538179189735723,3.340534675774846,3.9874627115093517,7.663595541153602,4.771021921537781,-8.283441657953011,paper
42989.5,983.345233798027,833.9741418361664,7841.0,0.022874079340258133,0.5586762684796637,1.6519337016574585,0.7943513368687521,0.7245771430694953,2.0745717397739303,3.73768089384879,4.622032093028817,8.801629692223402,5.662500224199838,10.8345684567425,paper
35186.5,893.7127645015717,828.1688624620438,4561.666666666667,0.0253993083853629,0.5535922634137127,1.7112299465240641,0.588009692513369,0.6306737714081357,1.5871372495105862,2.9675293936255134,4.0897125890046055,-7.757579044086469,-4.93669230996552,-7.780681309413847,paper
24139.0,734.8427082300186,679.7446007728577,3347.0,0.030442135474958307,0.5617464811264032,1.852112676056338,0.6463610560702618,0.6184872573802305,1.5150576665269662,3.1843470563464633,3.8059047928106637,7.3140969525567545,4.581193022511336,-7.9176528668848265,paper
30748.5,779.6883808374405,729.9045671224594,3778.3333333333335,0.025356956626744084,0.6356113942646915,1.9324324324324325,0.7264340389340389,0.6807955098699888,1.7787643249654144,3.56277166418009,4.45330349435488,8.504143220000365,5.491475925588883,-8.834103371317545,paper
28703.0,999.1757484674454,761.2285249233246,11367.666666666666,0.03481084724479829,0.3612878744567984,1.4234693877551021,0.5248884500036574,0.6351063724510677,1.6398296353437654,4.110391989187993,5.5017699064087395,10.900581596541457,6.550095194381349,-10.311214683427629,paper
34028.5,839.1442234516144,761.7637164592743,4544.666666666667,0.024660041537288284,0.6072666777404194,1.7592592592592593,0.7370262074940438,0.6993650995678207,1.867202317547555,3.693672519831658,4.485553132450381,8.576279555743737,5.422661628318913,9.68890592840197,paper
26868.0,840.0142815113068,702.6141872406006,7100.666666666667,0.03126448866723637,0.4784888962785012,1.781456953642384,0.6614638469681676,0.6630218998852214,1.7932922330804562,3.104424712310173,3.9068210645549004,7.44485034746962,4.812464950680056,-7.841402235038294,paper
29722.5,765.2863577604294,719.2218403816223,3036.6666666666665,0.025747711590896775,0.637745285356709,1.7579617834394905,0.6859249515369704,0.6831772469705757,1.8040367610479022,3.229495156097018,4.244587427977419,8.19030846009433,5.5340225439057,8.086218411153867,paper
28811.0,829.8721445798874,692.2070226669312,6679.0,0.028804003491023824,0.5257094959479908,1.4941176470588236,0.6672301991662807,0.7066947628441629,2.0892851472270895,3.1851635021399596,4.146503314129389,7.954339099036738,5.197447268858244,7.971628707034151,paper
31487.0,770.5584360361099,724.7496688365936,2867.0,0.02447227224048369,0.6663923292013654,1.6167664670658684,0.6983144821468175,0.7015392073312352,1.909671356317278,3.256176892053679,4.279694125473928,8.128143592085404,5.380503465863216,8.301868822405256,paper
26581.5,986.5655760765076,725.356636762619,11260.0,0.03711474431753316,0.34319221939332906,1.5227272727272727,0.5635494402985075,0.6533975982969459,1.7492445576940332,3.813126975981548,5.831337819826289,-10.838389603452022,7.219772597766641,-10.729967173934998,paper
31844.0,806.6173119544983,753.3539954423904,3675.3333333333335,0.02533027609453895,0.6150386405486493,2.041095890410959,0.7319113726211272,0.6641112173708987,1.6948975724918125,3.6062874620365015,4.639849027859561,9.054498076465942,6.182172259844189,-8.828163739285795,paper
27431.0,1002.2640635967255,743.5256634950638,11504.0,0.03653764221489284,0.3431525150931007,1.446808510638298,0.5364322590738423,0.6480858205146909,1.7297092960323615,3.647024218595916,5.276421166868906,10.003291557839777,6.182824090745872,-9.809402097879222,paper
28785.5,814.8010770082474,749.5424410104752,4455.333333333333,0.028305955325015977,0.5448543878736111,2.2313432835820897,0.7184520541107173,0.6190406530079775,1.5171757179603105,3.876607820606281,4.779063062329053,9.361113963777639,5.748230576502836,-9.186405538129511,paper
25506.5,924.4823172092438,746.8541378974915,9861.333333333334,0.03624496960418888,0.3750278459300378,1.79375,0.5554551393728223,0.5801930403198782,1.414318554089402,3.64905835083926,4.6967984827149065,-8.878685953636088,-5.405704836164448,9.557210120474979,paper
42641.0,1106.014279961586,815.6359362602234,11874.666666666666,0.025937812902173635,0.43804202355366684,1.386138613861386,0.7539073550212164,0.7497516465941003,2.4568934308995396,3.5597355561867237,4.725664385794225,8.874634383242729,5.954274580243964,9.628556242232637,paper
27136.5,840.8843373060226,742.8494963645935,6428.666666666667,0.030987206799182748,0.4822710251982151,2.0851063829787235,0.6546171660153423,0.6047729697565446,1.491001831785564,3.59882822306496,4.57586088846246,-8.688781664459217,-5.432260124950674,-9.138040154512826,paper
37650.5,980.4478254318237,849.2568578720093,7077.0,0.02604076507435024,0.4921886978977059,1.2541666666666667,0.5211863233665559,0.6308851922626599,1.5936566458490098,3.062445049047603,4.130098723809173,8.131656275848611,6.354622341386783,-7.762823631391107,paper
34104.0,794.1320307254791,734.5154104232788,3257.6666666666665,0.02328559789835442,0.6795630502386685,1.7222222222222223,0.7545466613566972,0.7195040672982427,2.017597109049563,3.3501803323283226,4.2674562107273495,8.077411893327662,5.277564894852693,9.206899501226369,paper
33724.5,850.6000665426254,797.8330845832825,3507.0,0.02522202157311822,0.5857395629846259,1.9382716049382716,0.6629806558150507,0.6332048219366916,1.570688908917031,3.3962665220213495,4.609834104094821,-8.61628673032524,-5.395658024444791,9.504607584490017,paper
29237.0,747.3868638277054,700.2223451137543,3083.0,0.02556304900734362,0.6577362093041399,1.7161290322580645,0.7091195731263643,0.6999019733894353,1.9117677767525036,3.1711004274370937,4.14393272642907,7.843158698962461,5.206030688539661,8.180021947400453,paper
37789.0,917.9898952245712,785.9312736988068,7403.333333333333,0.024292516214363208,0.5635071903506614,1.718562874251497,0.7884370631559181,0.718798562991496,2.0644372140180467,3.4481356464616777,4.325377937125315,8.214734970525818,5.385872806758959,9.167833936594247,paper
28439.0,822.4163024425507,707.9675617218018,5759.333333333333,0.028918608335122567,0.5283731790076855,1.8187919463087248,0.7043017410039872,0.6768643544672648,1.818063343301011,3.1418328693920543,4.035572192269487,7.624960765942002,4.986862255843334,8.86878907850712,paper
29008.0,836.1564154624939,725.6241569519043,5942.333333333333,0.028825028111641407,0.5213778756989234,1.8666666666666667,0.6906666666666667,0.6650660707235666,1.7351219853020532,3.5264132616613413,4.378568537547271,8.332431927371413,5.278323834327744,-9.415990202840222,paper
35963.5,812.5168063640594,753.1989998817444,3224.3333333333335,0.022592817894922894,0.6845530494008523,1.6184971098265897,0.7424339388934764,0.7218741815617211,2.04289837242537,3.302884978259481,4.275937730916872,8.065613192746481,5.300938750461406,-9.48367272212726,paper
30918.5,790.1736611127853,740.6410140991211,3106.0,0.02555666222852937,0.6222761866636578,2.0208333333333335,0.7378412562046582,0.668586604098886,1.7127730092219422,3.5954464592104567,4.493598373638987,8.635014406247695,5.593484246494537,-8.759416184368488,paper
35959.5,975.6782760620117,823.1457104682922,8286.666666666666,0.027132698621004512,0.474690169428733,1.3863636363636365,0.5359090909090909,0.6516559973409706,1.736276257301307,3.1397657449079173,5.0834179683005125,-9.363269321115164,-5.995371983586585,9.327343870184956,paper
26116.0,680.4751762151718,639.7474356889725,2896.6666666666665,0.026055872883105062,0.7087481699037746,1.5364238410596027,0.7454898378625257,0.7310412228967228,2.1028769389499415,3.8016159475867273,5.1091320080159255,9.647120555454215,6.440326148988876,-9.807443539952525,paper
40316.5,1082.5168064832687,802.9678347110748,12255.333333333334,0.026850465851035402,0.43233798222717207,1.6685393258426966,0.7626168047516362,0.7286723893329152,2.1122309762442693,4.617716652300719,4.96365213537731,9.756765012042722,6.047541364320004,10.563175803898286,paper
39914.5,931.369619011879,783.7843453884125,6898.0,0.02333411715070661,0.578224411524176,1.3888888888888888,0.7330486685032139,0.7430954206724454,2.2247242527318787,3.854288136771688,5.0370470463490475,9.50810671998093,6.254600792639797,-9.946479647850651,paper
41897.5,1010.7178173065186,809.1249060630798,9431.0,0.024123582965726323,0.5153925426192167,1.5294117647058822,0.7833944130735575,0.7457685953807626,2.3127432000509986,3.741207391665031,4.764302617941902,9.0359527002163,5.952110546811841,9.549970832465698,paper
29491.0,762.4163017272949,715.4668085575104,3052.6666666666665,0.025852507603244885,0.6375511241266109,1.9047619047619047,0.7164965986394558,0.6771290125562794,1.759231882280537,3.3994349384518463,4.207658084139551,8.034888844905524,5.178624419969953,-8.503540086785767,paper
27389.0,836.6416969299316,739.0895299911499,6350.333333333333,0.03054663174741435,0.4917077227195653,2.1007194244604315,0.6748053611904996,0.6159607185252758,1.5274847447266513,3.7886271941531104,4.724130860595208,-9.27284348431636,-6.078372400024057,-9.045189208327859,paper
24611.5,750.3157954216003,665.4425210952759,5063.0,0.03048639032247528,0.5493634593620937,1.905109489051095,0.6882987946416086,0.6648933815104283,1.7296017898163356,3.439434850623719,4.181070320203342,7.996674111995516,5.05300905489221,-8.796152555642205,paper
25825.0,789.068102478981,722.1745045185089,4169.333333333333,0.0305544279759528,0.5212201763493298,1.6956521739130435,0.5875594384911155,0.5950916825933268,1.4537540961377966,2.858170290239726,3.593475509896786,6.949416171394068,4.510598135142615,-6.992318166731889,paper
41502.0,1022.960458278656,805.5943784713745,10388.666666666666,0.024648461719402825,0.4983806780622973,1.5,0.7828202806699864,0.7495482817669784,2.3843151816725845,3.786066686233635,4.7740497602462835,9.064945102178049,5.989674347148956,9.698616778010535,paper
34442.0,828.2741659879684,762.8115589618683,3632.0,0.024048375994076082,0.6308846993452666,1.9090909090909092,0.7607120770386077,0.6979490152846446,1.853819065206788,3.7936743428399735,4.579405746783512,8.7663016174097,5.5091977209779985,-10.037403734744744,paper
40687.0,1079.8721446990967,809.0833225250244,12245.666666666666,0.02654096258507869,0.43845078862766684,1.5206185567010309,0.7109383190634283,0.727107419382646,2.1879665411106295,3.5920654909379706,4.440071861577114,8.54524290337257,5.5366055803730445,8.692089093517229,paper
25058.0,743.5878738164902,692.0072784423828,3503.0,0.029674669718911733,0.5694973024234966,2.2357723577235773,0.7408130081300813,0.625566435678367,1.539993989122938,3.3895041222907345,4.10300093049923,7.87872380353608,4.910901725359284,-8.297194651273204,paper
29774.5,754.3157958984375,706.4003356695175,3194.0,0.025334289270968025,0.6575790019370507,1.8066666666666666,0.732460024600246,0.6972715972074999,1.8814891791180164,3.288477992203235,4.174293109542341,7.923005811896654,5.178313529140934,8.462734832125388,paper
43574.0,998.5584362745285,831.7036526203156,8108.333333333333,0.022916382160796084,0.549149158974841,1.6830601092896176,0.7730821091476829,0.723995283002788,2.04130519481896,4.067711773491922,4.8824647990574075,9.39198624257408,5.9492574154677325,9.765754209811885,paper
43989.5,910.7178173065186,838.1013103723526,4154.666666666667,0.02070307271750119,0.6664862947748557,1.6524064171122994,0.7612879220531991,0.7249930241539111,2.093571964449302,3.211292145834391,4.266819306257983,8.009530554678529,5.318416043023236,8.891665677857086,paper
29889.0,766.9604572057724,722.6852556467056,3830.3333333333335,0.025660291652640516,0.6385211726280163,1.864864864864865,0.7317126909518213,0.674887624557791,1.74982001430265,3.9143624215612642,4.944397952994403,9.47542628108155,6.2737821042005235,9.583622676744168,paper
43183.5,975.7716394662857,819.6498429775238,7668.333333333333,0.02259593686167832,0.5699428636651015,1.5894736842105264,0.7525880097594981,0.7342641430832103,2.139587038986231,3.8348232857662006,4.735084657544786,9.031571837992356,5.80665955943513,9.652832360755077,paper
38627.5,865.3452332019806,800.6508293151855,3266.6666666666665,0.022402310095190746,0.6482278022814784,1.9268292682926829,0.7453592929916641,0.6955439255725455,1.8366113691130013,3.8239499324723423,4.524321209632062,8.703977379335177,5.456234023343394,9.488889888693151,paper
31319.5,796.3990563154221,745.4204169511795,3205.0,0.025428217446492506,0.6205306115968707,1.6184971098265897,0.6465627580511973,0.6665083670205626,1.7137172298565546,3.4140965743138256,4.505378444360699,8.931621385593827,6.974262779892766,-8.491872671716806,paper
40765.5,1097.62950360775,807.6006932258606,12920.333333333334,0.026925451757190515,0.42519788271773823,1.633879781420765,0.7450243982674489,0.7276045410664284,2.114961618952787,3.9576531629222798,4.689899933207673,9.021928678812865,5.766208314939267,9.714150266722433,paper
29501.0,757.7300101518631,706.6088809967041,2663.3333333333335,0.025684892381677336,0.6456804331726061,1.713375796178344,0.6985295858688703,0.688119042691486,1.8139400912220915,3.4559082780139954,4.298722800730669,8.210232776196644,5.317150423099236,-8.593727536462659,paper
26048.5,769.972650051117,684.2608089447021,5105.0,0.029559193429606962,0.552130814116084,1.9285714285714286,0.6891137566137566,0.6628844429909191,1.7162583019689186,3.44250623933576,4.156172597820855,7.959443288286829,5.021911345712814,-8.826140287769167,paper
29987.0,847.1858538389206,724.74573802948,5935.666666666667,0.028251770895352007,0.5250316603190982,1.78343949044586,0.6821428571428572,0.6786750226979045,1.815450364926376,3.2753235090686315,4.086379075264275,7.771669883965872,5.005791444201695,-8.612738704354433,paper
41475.5,987.3452335596085,809.7309168577194,8349.0,0.02380550526357991,0.5346424354100241,1.7514450867052023,0.7912302790972738,0.7271758597053702,2.0673962153261805,4.187112990195972,4.860437973021348,9.392236935333939,5.9049699748311575,10.072527081642852,paper
51603.5,1289.4284936189651,911.8033529520035,16417.0,0.024987229424728266,0.39002684208075017,1.3333333333333333,0.7445103301015698,0.7480990634473891,2.608044953473671,3.1956506438822556,4.580681179136169,8.506090943529543,5.896358232796184,8.868988625131488,paper
24479.5,750.8010774850845,666.9885170459747,5147.666666666667,0.03067060509753404,0.5457109052062421,1.9264705882352942,0.6870088684328693,0.660169502856548,1.705469777494271,3.5021427827622573,4.228450135104453,8.104519680656228,5.082600643232346,-8.749990505214887,paper
28281.5,850.3990560770035,714.5591714382172,6937.666666666667,0.030069093084772854,0.49143577098749014,1.7388535031847134,0.6598422808613892,0.6711907954412973,1.8006859351636566,3.3210263888165086,4.186194949765992,7.967528686471851,5.095571636753085,-8.400071453390888,paper
36540.5,865.7472544908524,802.4345021247864,3692.3333333333335,0.023692813576465903,0.6126354221498248,1.9679487179487178,0.7629771151758122,0.6641955811025193,1.7098537705401278,3.2446718263383656,4.120406295573355,8.054626342127477,5.446750159647786,7.884660783474881,paper
26951.0,827.2691142559052,703.642619729042,6274.0,0.030695303115131356,0.49487000045017787,1.623456790123457,0.6325634887105103,0.6616708958939662,1.7242284126496983,3.8502117596375425,4.662060297447929,9.017438436505515,5.525361935316483,-9.13458908266057,paper
26037.5,771.428493976593,716.6623210906982,3453.0,0.029627594583834585,0.5498165325129047,1.8116883116883118,0.6060024205185496,0.6122616703301497,1.48831821780008,4.126851639130559,5.235858082869647,-10.607198433122251,7.458195296958725,-9.922067240219537,paper
25776.0,865.8132693767548,702.4178160429001,8440.666666666666,0.03358990027066864,0.4320926830354457,1.8310810810810811,0.6426648050264286,0.644831741431886,1.6440208841115527,5.5797163722260805,5.799371145241893,11.572176675949574,6.746709320515484,-11.422934991852783,paper
28856.0,993.4945081472397,762.5000970363617,11442.666666666666,0.034429391050292475,0.36737961257242546,1.5898876404494382,0.5728351927581689,0.6441328724455607,1.7112093159159794,4.022494516916287,6.109720434315329,11.515497173902085,8.566290272772145,-11.133864590222236,paper
24476.5,721.1442233324051,677.1739475727081,3616.6666666666665,0.029462718253525016,0.5914457594508123,1.695945945945946,0.6588914611822978,0.6358449305770587,1.62805966850879,3.0243418021972075,3.6306650528399746,6.972320785007965,4.4853382853035715,-7.55809362612049,rock
30844.0,773.6467498540878,733.4828820228577,3218.3333333333335,0.02508256872824821,0.6475825651306624,1.7466666666666666,0.7848346055979644,0.6740167817482539,1.7835681781550665,3.2361075609322962,3.9844428869383997,7.660071692160905,4.992447321510937,-7.8872284318854335,rock
32481.5,818.5411919355392,768.3191289901733,4497.666666666667,0.0252002275737124,0.6092069674970949,1.4329896907216495,0.6022676703997627,0.6384481037347062,1.6404599069743526,3.0238738187410124,3.75225151840107,7.159767007184111,4.627059331728954,7.673766482227689,rock
34300.0,877.5878745317459,827.225608587265,4169.0,0.02558565231870979,0.5596580513422227,1.4461538461538461,0.6237497726859429,0.6085623145811522,1.5312370677727805,3.4054217323878935,3.983700057489175,7.908977054732608,5.252904361501696,7.77029356109636,rock
22296.0,676.8427083492279,636.6954135894775,2736.0,0.03035713618358575,0.6115913164121828,1.171270718232044,0.5810486813301365,0.6585322695966188,1.6997736304896034,3.3794783856867894,3.9686608913204053,7.643442180359872,4.821994962008318,-8.87925869441137,rock
40247.5,875.1686087846756,796.4467575550079,4996.666666666667,0.021744670073536882,0.6603365095055181,1.484375,0.7355171783625731,0.7352570376046663,2.1701991268455387,3.569871352245476,4.479362080118635,8.622651093872758,5.7384097958741105,-8.691358160460886,rock
35432.0,902.0731550455093,798.1700537204742,4953.333333333333,0.025459278478367275,0.547169667021566,1.5681818181818181,0.7294137022397892,0.6711809253969311,1.765823257971971,3.9336287687246276,4.495352958494535,8.716951560857847,5.424968119078821,-9.447984199986015,rock
39045.5,960.82546210289,839.439563035965,6939.333333333333,0.024607841162307822,0.5314860202522782,1.7877094972067038,0.6816602653631285,0.6985505809763051,1.9227057871029003,3.543896028497734,4.820980269456675,-9.017380306126011,-5.782659243524886,-9.597845129011484,rock
22304.5,656.0904000997543,616.4219138622284,3028.6666666666665,0.02941515838058483,0.6511409213330241,1.5757575757575757,0.8123725233100233,0.7002722611922958,1.9597944760712849,3.6220720645187807,4.345189770357062,8.659715887253633,5.793984785043105,8.382023007615778,rock
42047.0,1092.9848425388336,884.2420792579651,4620.333333333333,0.02599435970553984,0.4422996548526284,1.7359550561797752,0.7644631104323479,0.6645199910174071,1.7749844439779063,3.256789925146728,4.296115713528281,-8.087660999887829,-5.1885683446576465,8.65813354539175,rock
38490.5,838.6589424610138,789.6273078918457,3031.3333333333335,0.021788725593614368,0.6876899102708387,1.5738636363636365,0.7895163275352806,0.7225969167075385,2.0592318422924007,3.4202258002326675,4.428248517336842,8.354049695352714,5.457940500041734,-9.410239982194307,rock
30739.5,819.4873689413071,763.4082372188568,3785.6666666666665,0.026659098844851317,0.5752043146944799,1.73125,0.6935807761732852,0.6400582634443894,1.648376502040359,3.2579579022369356,3.92685146521175,7.747573633352856,5.26787754795541,7.61257960038376,rock
30562.5,775.6883789300919,733.7414157390594,2754.0,0.025380396856608322,0.638299009315825,1.423728813559322,0.6851963949421577,0.6743386691077494,1.79289051647807,3.07768433940808,3.819993147492311,7.273603921166049,4.732267953021079,-8.099817975661246,rock
42514.0,863.9554071426392,814.1315519809723,2656.0,0.02032166832437877,0.7157464095700332,1.4948979591836735,0.7403008985164031,0.7371081035942993,2.1654310389213856,3.540489459176482,4.60496773581493,8.679436502188466,5.687718010217372,-9.700093225914022,rock
28834.5,787.6883803606033,738.5695786476135,4046.6666666666665,0.02731756681616131,0.5840007583162089,1.6623376623376624,0.7313945819805194,0.6365126979333648,1.6487608868106578,3.3858774334967032,3.984217094480968,7.994490094298587,5.7452852138901855,7.724197288252449,rock
19909.5,615.6051193475723,579.4091446399689,2383.0,0.030920169735431442,0.6601851815468683,1.1688311688311688,0.7182359307359307,0.7281772451938454,2.2310635308161517,3.2914587028521054,4.395242856969158,8.467182165869671,5.665277515335873,-8.331641044308903,rock
30040.5,766.918827176094,726.2989342212677,2857.3333333333335,0.025529496086153496,0.6418273535348712,1.7619047619047619,0.7890237175951461,0.6796863214631309,1.8064229002644079,3.62561689759819,4.403660272743602,8.474193311412515,5.502603536432649,-8.739660957762483,rock
35190.0,834.3330414295197,792.8625485897064,3137.0,0.023709378841418573,0.6352581492101878,1.8496732026143792,0.8127208480565371,0.6722513969446448,1.7648066818748198,3.7916430729780144,4.534291840323471,8.749141248238654,5.652213886613879,-9.032184184287575,rock
31365.5,854.4579311609268,795.7641024589539,4696.0,0.0272419674853239,0.5398594507146679,1.6826347305389222,0.6683892002471924,0.585535875011628,1.4629426042427445,3.157368075992652,3.8987213758893215,-8.222913156453917,-4.9060510172578375,7.4323768012069324,rock
16138.0,502.19090616703033,483.4492324590683,996.0,0.031118534277297702,0.8041218940661169,1.2153846153846153,0.7856864654333009,0.7815796154081796,3.0216574165602994,3.7470115483957787,5.675232726475608,-10.47485382496399,-7.227002562114019,-10.583058110776099,rock
26583.0,699.4213538169861,670.966986656189,2328.3333333333335,0.026310851063348233,0.6828669287239881,1.7651515151515151,0.8643191572376122,0.6996501778978694,1.902001685290131,3.596619741845711,4.488600183413795,8.743654440718457,5.805583938202743,-8.63326326585155,rock
21404.0,656.6761870384216,611.8102777004242,3307.6666666666665,0.030680068540385984,0.6237380966826072,1.6299212598425197,0.8141808360911408,0.6866616357064529,1.8854042185945945,3.5725376826712836,4.228849947427899,8.446486771854044,5.632915106137518,8.186854286273093,rock
19396.0,619.7300082445145,553.9022650718689,3074.0,0.03195143371027606,0.634624724361643,0.861878453038674,0.6869244935543278,0.7524548097388064,2.4067044850820194,3.9439178084953377,4.5136138788393065,8.788156818769298,5.771198401908011,-9.101237908940007,rock
22346.5,683.2030975818634,633.5936329364777,4070.0,0.030573158999479266,0.6016164772983601,1.6074074074074074,0.7628093531319338,0.6702150665049653,1.821418225819437,3.6156925782308793,4.159783562967059,8.61633877937212,7.974082747951277,8.063879720778424,rock
23503.0,707.1025931835175,662.2275831699371,3437.6666666666665,0.030085631331469066,0.590701814213367,1.5945945945945945,0.6728985341273477,0.6417186612933525,1.6628879822385338,3.3032971159565676,3.960486280863864,7.795739521995199,5.298058346446242,7.700383970804268,rock
24710.0,708.7594470977783,660.7400344610214,3160.6666666666665,0.028683101865551532,0.6181372106693316,1.5945945945945945,0.7074553366926248,0.68476270592818,1.8538181204840072,3.4431452648189738,4.201659383211534,8.208323374536285,5.472119236315526,8.145262839839482,rock
33698.0,855.8721451759338,805.066463470459,3497.0,0.02539830687803234,0.5780909964596745,1.6010928961748634,0.6284712508625674,0.5966900261525074,1.4543909700973348,4.0531016917317455,4.5185004502781805,8.89611063562605,5.68055585376242,-9.034406603906985,rock
23970.0,660.4751753807068,623.702005147934,2958.6666666666665,0.027554241776416636,0.6905019356061778,1.3660130718954249,0.7496012759170654,0.7241892381911388,2.154517292327079,3.1813923247023745,4.288501583413782,8.437972380381371,5.932008047439662,-8.058218414392373,rock
42479.0,871.8965318202972,820.7865364551544,3059.6666666666665,0.020525354453266254,0.7021893659408308,1.4898989898989898,0.7272556069166238,0.7302584892070189,2.131420754009414,3.4219954185509827,4.435047578722275,8.380613018065622,5.500762574380567,-8.922990027600626,rock
19480.5,595.806129693985,563.2604095935822,2412.0,0.030584745242369805,0.6896044093302637,1.5080645161290323,0.8401112644471278,0.7255223381954993,2.1350136630793126,3.648302343085816,4.5165816780875705,9.007718171301418,6.197465576172524,8.634628003518179,rock
28803.0,760.1320303678513,717.9690358638763,3015.3333333333335,0.0263907242428862,0.6264256352680043,1.8461538461538463,0.7629529561347743,0.6604226030017598,1.700700494608045,3.703801428333293,4.235604793471744,8.215885884315158,5.145366455709778,-8.865007678523178,rock
30412.0,851.185853600502,799.601309299469,4439.333333333333,0.027988486571106867,0.5274800655036984,1.9012345679012346,0.6095077761744429,0.5451346641609229,1.303479520219967,2.9776837069477198,3.4163124239817004,6.629893980925996,4.124259376007806,-7.180058754416246,rock
24574.5,724.8599523305893,677.7285469770432,3526.0,0.029496427285624908,0.5877414797249845,1.5,0.6732001972386588,0.6419003547156786,1.679488567751506,3.237560355207064,3.888365542734758,7.827579857315541,6.12987860654203,7.493557626485575,rock
36119.0,860.0731563568115,810.69690990448,3694.3333333333335,0.023812208432038857,0.6135850867752964,1.744047619047619,0.733768080611084,0.6582022690300777,1.7177994820808267,3.3254120877339775,4.113128708862958,8.007723874552461,5.422001046181465,-7.960575272673828,rock
38699.5,834.3157986402512,788.4662311077118,3088.0,0.021558826306289518,0.6986413446192746,1.5632183908045978,0.8176872041920217,0.7258107404331912,2.081270282717395,3.900692347898045,4.98828256968461,9.916857452532222,6.824861504797166,9.455818593176188,rock
32885.0,840.2741661071777,785.6014806032181,4278.333333333333,0.0255518980114696,0.5852826998268369,1.6625766871165644,0.7444592850836483,0.6438094200688758,1.6848551280204993,3.422162345816696,4.004133041646986,8.087244635462984,5.498055056290665,7.760867329254204,rock
24744.5,704.4579311609268,665.5663558244705,3507.0,0.028469273218732518,0.626582730093762,1.5031446540880504,0.6511539170021842,0.66993706213236,1.7904250460910607,2.96659153214932,3.7075977611774644,7.044805744165489,4.606435630831581,-8.676709550517533,rock
25093.5,630.7178188562393,610.4696431159973,588.3333333333334,0.025134708942803487,0.7926854794484528,1.2848101265822784,0.7823626613456383,0.7661761954516707,2.658313096531408,3.4394986000629353,5.119615595736372,-11.18463835239947,7.1800344010148915,-9.39812706120516,rock
22976.0,651.1025928258896,611.8856644630432,2775.0,0.02833837886602932,0.6810600986765991,1.4827586206896552,0.737000801924619,0.7211575078188133,2.1140574929114444,3.1633389310936013,4.248823329403444,8.439387675661212,6.151849080630331,-7.979521991826147,rock
24487.5,710.7422025203705,664.5479056835175,3370.0,0.02902469433467567,0.6091582150617976,1.3964497041420119,0.6139680072209407,0.6682986986043638,1.7895121965459937,3.061566948404727,3.8205758215891548,7.449946324500385,5.092738163233148,7.3799691555462585,rock
29842.0,755.0437173843384,713.3352723121643,3040.3333333333335,0.025301377836081308,0.6577995826989694,1.5,0.688396770472895,0.6908739346167372,1.873152317929796,3.449176266972237,4.190610576690876,8.014726530767321,5.128198692430918,8.865608291382184,rock
27553.5,787.830514550209,734.1749184131622,4208.666666666667,0.02859275643929842,0.5578546289660617,1.5609756097560976,0.6562857278963414,0.5985603832854823,1.5125922177940603,3.120134930852661,3.877396363886352,-8.150107030719054,-4.921413193105624,7.382388364361743,rock
31087.0,744.9015816450119,708.4022926092148,2186.0,0.023961835546852765,0.7040295441094138,1.4593023255813953,0.720073195589734,0.7231734188619154,2.064847334102807,3.5502159273188623,4.728798650949455,9.283647522720317,7.310975448666826,-8.902512703996424,rock
26285.5,751.6883797645569,699.1035314798355,4459.0,0.02859707366283909,0.5845887229938744,1.8613138686131387,0.7524116215829397,0.6281395027356164,1.590634518616199,3.4453308773572067,3.904330558802645,7.653943280207829,4.8487316377248755,-7.8468807588059635,rock
35057.0,854.7594470977783,805.2316981554031,3851.0,0.024381990675122752,0.6029715116880429,1.8333333333333333,0.7286236854138088,0.6393280961896395,1.6144320163791386,3.735311758337157,4.325069520598405,8.414007838292815,5.428649651552004,-8.667289813164006,rock
29467.0,812.0731549263,758.4618204832077,4401.666666666667,0.02755873196885669,0.5615073933916107,1.6666666666666667,0.6993473359439896,0.6117873074369604,1.5568295044442277,3.2780885383602247,3.928174725552769,8.170553679169174,-5.4306617371005474,7.543035367535365,rock
36366.5,782.6589422225952,745.1891582012177,2063.6666666666665,0.021521426098816087,0.7460471339631183,1.4636871508379887,0.775438184997228,0.7474840679946615,2.259467640846486,3.9447047836823064,5.272370514217691,10.007976861029086,6.544633102379723,10.04737618493872,rock
38443.0,791.0437177419662,752.2148702144623,2015.3333333333333,0.020577054801705543,0.7720157561272442,1.2893401015228427,0.7682761101562813,0.7679826176683554,2.545229365739163,4.586091864782039,6.216522216572803,11.468902715949952,7.5316247170388655,11.900355866774614,rock
21250.5,633.2619745731354,595.3487100601196,2901.6666666666665,0.02979986233609258,0.6659048767356087,1.5075757575757576,0.8089881224303335,0.7109514244620057,2.0218325651759477,3.7189958846461297,4.486160654477265,8.889726603357493,5.855423611175388,8.650915723369414,rock
31993.5,741.0609631538391,709.1768312454224,1909.0,0.023162860054506042,0.7320887687194875,1.2043010752688172,0.7678931451612904,0.7434466558251209,2.2636496308939047,3.5459869750618167,4.868966872072396,9.231468373165791,6.273980171053638,-9.22110939859465,rock
38183.0,883.1025933027267,835.7231199741364,3775.6666666666665,0.02312816157197514,0.6152584560062856,1.7891566265060241,0.7744716238692142,0.6540238597715782,1.6968869622743283,3.4551264601803435,4.166267851301089,8.078495075973686,5.277595983894536,-8.190680847002875,rock
20306.0,623.7888857126236,588.6101397275925,2743.3333333333335,0.03071943690104519,0.6557812283276268,1.6259541984732824,0.727735368956743,0.6970263090123634,1.9221642289207836,3.232700042036556,4.027437754690982,7.657560590892565,4.99363760329289,-9.39120240139195,rock
21715.5,583.6051204204559,560.9883079528809,1302.3333333333333,0.026875048717296676,0.8012010507714623,1.0833333333333333,0.8236800182066454,0.7850628075020416,3.2652981917880806,4.059596185431994,6.672822798782534,11.935877166647556,8.402190277862829,-11.72122703331451,rock
24207.0,689.6467498540878,647.2460958957672,3266.3333333333335,0.028489558799276567,0.6395837876126739,1.6222222222222222,0.8187721968543886,0.6938577243592382,1.921319639671279,3.570924252382702,4.2719401322868364,8.503075914297606,5.725940767736412,8.252904358190143,rock
27456.0,811.327988743782,761.1437261104584,4344.666666666667,0.029550116140143575,0.5241483386859621,1.672514619883041,0.5614035087719298,0.5607013696687795,1.3543705024986863,2.963618307969427,3.376093037016074,6.557569569324387,4.096272818466663,-7.187456079277566,rock
21047.0,615.5046145915985,581.9177911281586,2261.0,0.029244292041221955,0.6981318287173394,1.2818791946308725,0.739555149513335,0.737452257868755,2.173121513760018,4.616109694817629,5.190053932156042,10.133627317139464,6.276617081012594,-10.43878007083635,rock
26693.0,736.9015822410583,692.1117873191833,3246.0,0.02760654786802002,0.617715177768478,1.7364864864864864,0.7017825218214323,0.6718872187951906,1.7781254941169686,3.0196802128220193,3.718860655211547,7.091180040406007,4.608153950975915,-8.015532391379798,rock
24437.0,738.9015825986862,682.2189517021179,4601.666666666667,0.030237000556479363,0.5624508265922992,1.7338129496402879,0.7294844622227529,0.6256409432188847,1.6288613804016085,3.339619765851454,3.9577959761329877,8.909274161927788,-5.256897156698256,7.607024609433082,rock
33843.5,826.7766927480698,784.4011535644531,2684.0,0.02442940868255558,0.6221694521948662,1.952054794520548,0.8133501562124489,0.6564008205965262,1.696832056384619,3.4517801949309113,4.440436945810055,8.79967008687822,6.071513386579275,-8.42146759507211,rock
28478.5,770.8010766506195,720.3526427745819,3542.3333333333335,0.027066070075692873,0.6023408944444438,1.7032258064516128,0.695955522971652,0.6468870873394112,1.6538484637800461,3.598876565006327,4.056473242598161,7.943262580165542,5.069105648383714,-8.195375797876052,rock
14082.5,466.2914100885391,445.974406003952,898.3333333333334,0.03311140849199639,0.8139070190650606,1.0300751879699248,0.7728719609242083,0.78883512603069,4.653414696761768,3.7996567501746075,6.648362849067009,-11.802703051098193,-8.996572009664085,-11.655193429961637,rock
18479.5,579.2619738578796,545.3947553634644,2289.6666666666665,0.031346193017012344,0.6920700270667529,1.4682539682539681,0.7927713427713428,0.7320964871401792,2.1835303885089528,3.5600107573535005,4.529408949234263,9.002556149807463,6.418606579712886,8.606380184292037,rock
18655.0,592.2741668224335,559.8260881900787,2587.0,0.031748816232775846,0.6682816503847997,1.4071428571428573,0.6763959390862944,0.7131858909629073,2.0283092460394796,3.220143962705961,4.142562884351884,7.826595572209255,5.170430519164511,-8.777030794837062,rock
28489.0,841.6122592687607,768.1236310005188,5893.333333333333,0.029541656754142324,0.5054322661905807,1.7098765432098766,0.6348665151312564,0.5725962432634707,1.4403207412979402,3.0308467654734326,3.7866551166842726,-7.532570862110186,-4.632435415158301,7.247041878494178,rock
23801.0,693.1614682674408,652.9552156925201,3262.6666666666665,0.029123207775616184,0.6224955374446004,1.5594405594405594,0.7463702217065445,0.6741363285029061,1.8184986474461533,3.4782232474726325,4.13307328920359,8.2247429416374,5.719014964584348,8.006362802769079,rock
21328.0,660.6173121929169,619.4283969402313,3169.3333333333335,0.030974180054056492,0.6141296913878997,1.5714285714285714,0.6924675324675325,0.664317970325535,1.7630875233234504,3.285250924660715,3.998200868051656,7.813243439488796,5.256857214112007,7.769759821394942,rock
23538.5,658.1147861480713,623.9044404029846,2200.0,0.027959079216945484,0.6829444043892992,1.276470588235294,0.6380726484142044,0.7142649592783966,2.045767865527138,3.0605741356298037,4.175559750620202,7.988558248282837,5.585409615239414,-7.9072215565236315,rock
26057.5,750.5756814479828,705.6882073879242,3452.6666666666665,0.028804592975073696,0.5812375078773555,1.8142857142857143,0.7327755905511811,0.609133664927487,1.530694828349498,3.371452395909943,4.071748061221457,8.44828982267727,-5.579059644848322,7.804222050740576,rock
17694.5,573.1198377609253,539.6725926399231,2363.0,0.032389716452057155,0.6769510663577343,1.5206611570247934,0.7947583542939274,0.7186098907676761,2.0731036211826632,3.547369264276041,4.414283522597716,8.71085063891574,6.024351408770862,8.452697973950947,rock
24788.5,742.8599524497986,693.3156592845917,4076.3333333333335,0.029967926758367736,0.5644769587029077,1.6,0.6885694444444445,0.615958246762202,1.576309775369108,3.2599252637274216,3.913247607179585,8.191769956447882,-5.400152855965098,7.508979591131227,rock
20667.0,645.7300089597702,609.8144433498383,3226.0,0.031244496490045494,0.6228527178827559,1.4437086092715232,0.6278327966462118,0.6727421640963538,1.7923546259952319,3.15171880225632,3.840232434833042,7.336580241466985,4.7420852996821745,-8.713741299312714,rock
25469.0,702.9604579210281,662.2205862998962,3053.0,0.027600630488869925,0.647679222037722,1.7028985507246377,0.7853530681467776,0.6901235929209633,1.867276064496907,4.114235550210575,4.465153102600971,8.81379083112544,5.464617128031391,-9.065402515994109,rock
35187.0,834.6173115968704,788.4505766630173,3654.3333333333335,0.023719479114356734,0.6347713659785476,1.7098765432098766,0.7841288942371974,0.6761669535534495,1.8116798984302003,3.364008819855267,4.123167967230862,7.941297169484092,5.195144170259641,-8.134989912669422,rock
30178.0,802.9015822410583,757.356837272644,3455.6666666666665,0.026605526616775742,0.5882686311871423,1.4064171122994653,0.6136109473170533,0.6259741707097304,1.5708900957239926,3.87843838595547,4.211862837613104,8.289686215677085,5.2104217850502526,-8.683699164735936,rock
21111.0,639.5046147108078,599.6019860506058,2985.0,0.030292483288845047,0.6486811893576369,1.5826771653543308,0.8270066987895169,0.7011733662919797,1.9704655175920356,3.6276184888680807,4.337620782904534,8.704679664406255,5.887926532184168,8.36062555599661,rock
13900.5,470.2325360774994,448.19947707653046,1087.0,0.03382846200334516,0.7899778884132631,0.9640287769784173,0.7462955009127027,0.7825841928896348,3.223830104562893,3.6419087503065732,5.481253308918101,10.099476190601315,7.13321511551125,-10.33536070767367,rock
21491.0,610.4751764535904,577.1431584358215,2456.6666666666665,0.028406085173030123,0.7246536266499386,1.2866666666666666,0.742348877374784,0.7487346070395062,2.3989561552227197,3.267880809364523,4.629507320143327,9.830821117987876,-7.217091257190697,-8.578707077532325,rock
21591.5,687.0365775823593,664.6222882270813,1165.6666666666667,0.031819770631144634,0.574821442098569,2.548076923076923,0.7834361393323658,0.5633790368581432,1.3341231013606782,2.796974586870377,3.240996785289039,6.260069400534374,3.908080614543793,-7.95681904441273,rock
28326.5,761.3696174621582,720.8944330215454,2949.3333333333335,0.026878351277501922,0.6140612555601994,1.083720930232558,0.5654556342948398,0.6596132951785063,1.7090341558652646,3.484440889227043,3.9402733686206726,7.686299163151602,4.918975669865796,-8.073834418836055,rock
17819.0,581.362478852272,547.14488530159,2448.3333333333335,0.03262598792593704,0.6625203062340432,1.5203252032520325,0.7747054475892352,0.709057097248689,2.0077764004816574,3.5208892211806497,4.329523387426307,8.520165678011683,5.834584714433135,8.330337145994713,rock
25997.0,797.4701240062714,726.9767973423004,5792.0,0.030675467323393907,0.5136937177015091,1.6883116883116882,0.6492757242757243,0.5872811596401993,1.4974148859407854,3.1100803584207726,3.7850842385055112,-8.068868012503568,-4.801320130743545,7.2373246330177405,rock
26112.0,796.0142819881439,621.4723834991455,4824.333333333333,0.03048461557859007,0.5178551282531381,0.898936170212766,0.8218557220193882,0.7763580262749933,3.5914474724915793,3.792606069011009,5.230581268350602,-9.858350928186118,7.040627850252449,-9.925455039322951,rock
22930.0,681.5878742933273,645.4733474254608,2550.6666666666665,0.02972472194912025,0.6202549053551926,1.2285714285714286,0.6094352159468438,0.661075546006322,1.6951742128492215,3.403553975746111,4.131784954142228,7.946074410515111,5.108988398127231,-8.256200192131189,rock
30123.5,774.85995221138,726.5794348716736,3499.3333333333335,0.02572277299156406,0.6304764419140836,1.7702702702702702,0.7768593975655045,0.6728361496096924,1.7576192706925187,3.7444586726863194,4.309699840691037,8.391031598157142,5.325725900880088,-8.663931716947566,rock
27448.0,755.3868643045425,702.6219289302826,3447.0,0.027520652299057948,0.6044796881131862,1.6012658227848102,0.6866463201080703,0.6784045047428925,1.827118095728235,3.2876823415792535,4.1090893450505055,8.087726664327347,5.56040681061084,7.877284466435909,rock
31772.5,1017.6295037269592,802.2593410015106,12727.0,0.03202862550088785,0.3855510345140925,1.793939393939394,0.650542588042588,0.6479412846452479,1.809233920799083,2.5761675557603856,3.0403938195856237,5.856401602879802,3.9622907086985864,-6.576885383053494,scissors
18319.0,704.3574258089066,575.0208151340485,8220.0,0.03844955651557981,0.464007960658304,1.534351145038168,0.6957198739128784,0.6998772065476283,2.105556874125154,2.9328766841098783,3.5984271724570647,6.935335806322355,4.8086858928792955,7.140682700390542,scissors
32359.5,1087.2274836301804,836.0383319854736,14446.0,0.03359840181801883,0.34400980581419155,1.935483870967742,0.6959032258064516,0.613802798407803,1.6634565107342085,2.8787034564281506,2.9789350424740006,5.908348304002495,3.8107087620319318,-7.1893959784596335,scissors
18100.5,708.6589418649673,584.9353351593018,7572.333333333333,0.03915134619844575,0.45292458279643666,1.6904761904761905,0.6744355019002907,0.6758179645985036,1.840340630327083,3.221683009845835,3.7284770233133218,7.2331540936066165,4.846499499175146,7.6508701465457,scissors
22332.0,833.1858532428741,690.3292853832245,9205.666666666666,0.03730905665604846,0.4042534252609168,2.1048387096774195,0.6900259547645532,0.6132064558369604,1.5337849747017664,3.9306691671950156,4.128385490496305,8.1586431490213,4.8959075656244915,-9.376042868513537,scissors
22595.5,846.2569204568863,705.4615532159805,9241.666666666666,0.037452453827394226,0.39648554042235556,2.2333333333333334,0.7025963930348259,0.5923659537346844,1.4597758591578238,3.843683720998075,4.255913573503646,8.336178051477603,5.0519396427594,-8.746371231882724,scissors
29863.0,1024.6072064638138,822.2549916505814,10940.0,0.034310257056016265,0.3574608519166012,1.6577540106951871,0.5151457650508884,0.5773403248774365,1.4082649618721845,3.0754333735679933,3.308326982711057,6.500217935608994,4.039775058327534,8.626168158792444,scissors
36607.5,1133.5706292390823,847.9721541404724,16211.333333333334,0.030965529720387415,0.35799978464890897,1.3088235294117647,0.6720918704560476,0.6863725888338403,2.4893010900080563,2.798671812778841,3.3832368302689613,6.56051711523769,4.735166146714458,-6.716227026340784,scissors
19981.5,776.8010774850845,654.2209529876709,8477.0,0.03887601418737755,0.41611973455405854,2.0833333333333335,0.66605,0.6057564865327751,1.510515667884072,3.561506082276641,4.159157696307121,8.112058709060724,5.06981924798912,-8.249093703362757,scissors
26723.5,989.1198383569717,794.4592740535736,10046.333333333334,0.03701310974823551,0.34324591444118546,3.076923076923077,0.8029897836538461,0.5324355563170977,1.2577306039151528,3.285715139524306,3.245015604900089,6.51048334048759,3.884547247384388,-8.170712426297289,scissors
19603.0,754.9015828371048,630.1555132865906,8130.333333333333,0.03850949256935698,0.43226665159799355,1.9180327868852458,0.6866680678156089,0.6424063271732429,1.6522767171586563,3.7195856099596982,4.026983509590976,7.902346085374422,4.924795225708573,8.906931821435204,scissors
15828.5,725.9970347881317,557.6747944355011,10659.666666666666,0.045866445638445316,0.37738091295167986,1.0116959064327486,0.5350539161004632,0.6699896053594011,2.0517283024579767,3.670636203087622,3.4900815787571324,7.090341014721727,4.518687016418973,-7.599186499173011,scissors
16400.5,660.6589421033859,546.8757004737854,7145.333333333333,0.04028285369978878,0.4721851421267542,1.56,0.6728410256410257,0.6921125631576068,1.973455301116507,3.0413663369288435,3.6718685503390076,7.08553134524462,4.884398848173686,7.34662440527678,scissors
16222.0,667.4457383155823,545.4507460594177,7756.333333333333,0.04114447899861807,0.4575961188371513,1.3609022556390977,0.6738669879117684,0.7000599518906295,2.1783036329254766,2.827130020338479,3.6244963106288197,6.9808838805512226,4.967232333087794,7.02277347281971,scissors
30751.5,1018.5168068408966,790.0462141036987,13013.666666666666,0.033120882130656934,0.3725115724432331,1.7073170731707317,0.6696755226480836,0.6458992928506891,1.8264503810401314,2.5845241874420384,3.1061729855341147,5.952428122955306,4.021590520566146,-7.141556926482225,scissors
36277.0,1116.4995609521866,875.2647366523743,14713.333333333334,0.030777064281836606,0.36569928883491565,1.702127659574468,0.6030086436170212,0.6246937345496281,1.6714215939861348,2.818953045754002,3.0602256235448224,6.000565236478024,3.907512350532275,7.230823223361371,scissors
36108.0,1198.842708349228,896.0145211219788,17592.333333333332,0.03320158159823939,0.3157103978630559,1.4341463414634146,0.5991040318566451,0.6218833441551802,1.9456274399612943,2.5545806653375953,3.064873943765255,5.897274713574013,4.111792333505892,-6.37645341427273,scissors
19286.5,801.1198381185532,632.3848230838776,10052.666666666666,0.041537854878726216,0.3776315864021008,1.6923076923076923,0.6743531468531468,0.6316268173340914,1.7368384900522575,2.6407867013289175,3.2303400187982514,6.173977037885717,4.123111477608191,-6.884749245901237,scissors
18705.0,733.5878747701645,617.0831592082977,7928.666666666667,0.039218811802735336,0.43678054688110224,1.8943089430894309,0.6526745524965979,0.6363399518288585,1.6217401044333444,3.819658641861571,4.096630513559507,8.054728786256756,4.916892838845325,-10.475053989191697,scissors
34411.0,1149.3523734807968,843.3835258483887,17574.0,0.033400725741210564,0.3273412704412911,1.6077348066298343,0.6533196635719846,0.6379966184557733,1.8916100793213382,3.400869401622858,3.2508610874561694,6.5806794160069195,4.286523391684508,-7.448506909776114,scissors
29102.5,1011.9726504087448,776.3847286701202,13259.666666666666,0.03477270510810909,0.35711049285365964,1.5621301775147929,0.6522884167114936,0.6482241316886391,1.937711007988079,2.5887930844454368,3.1428952689228886,6.017013649645299,4.124067727334588,-6.7223635623613625,scissors
18417.5,724.8010768890381,594.305406332016,7900.666666666667,0.03935393386122102,0.44055778775585974,1.7804878048780488,0.6837249879348108,0.6693886340354923,1.8044497802963286,3.2576465148868077,3.7040226941508347,7.204423396116618,4.747137916582867,7.717095613518775,scissors
26132.0,886.6173130273819,717.5778319835663,10189.666666666666,0.03392841393798339,0.4177438822289142,1.6883116883116882,0.6526473526473526,0.661423646735915,1.90415725484888,2.5137675718365142,3.1579965476041565,6.011250314933722,4.1351867428985045,-6.55095557866003,scissors
31176.0,1057.5533843040466,806.311271905899,13329.333333333334,0.03392203567821551,0.35028832128067566,1.7245508982035929,0.6482035928143712,0.6193918586710229,1.64959382712077,2.786335878043481,3.0505179689402566,5.970361868859543,3.875396385882391,-7.062282008315194,scissors
16434.5,769.8061295747757,591.0909352302551,10352.666666666666,0.046840860967767545,0.34850068018994895,1.632,0.6444901960784314,0.6216645177572285,1.7596002011798784,2.8349385420201685,3.152559639294412,6.161068279363772,4.105067698705864,6.737476010477078,scissors
25321.5,914.908723115921,738.3815302848816,9233.666666666666,0.03613169532278582,0.3801401626825164,1.4205128205128206,0.46878644820883086,0.5740035325085316,1.3856202112545861,3.0588664270043853,3.216117267758301,6.353686109320214,3.9096546214315775,8.0760002494863,scissors
18060.0,706.7594480514526,588.6981418132782,7504.666666666667,0.039133967223225506,0.4543435470022821,1.703125,0.6472190366972477,0.6670496983007773,1.7717035256635016,3.364380551943259,3.823812457594301,7.434702264318721,4.852809265546835,7.981872111131168,scissors
30399.0,824.6761873960495,761.0907220840454,5390.333333333333,0.027128398545874847,0.561697191624292,1.6506024096385543,0.6683449124967021,0.6565403157030818,1.8238875930814922,2.458420873498641,3.2642036238622514,6.129896682197145,4.185374584463001,-6.975269782920008,scissors
15920.0,663.7888855934143,541.7632694244385,7793.0,0.0416952817583803,0.4540388078678057,1.313868613138686,0.6455798864557989,0.7007284284799925,2.192232616874136,2.808787678934756,3.650646837597753,7.024014989315438,5.07398018321211,7.037957649759123,scissors
16088.5,671.345232963562,544.4970715045929,8197.0,0.041728267580169814,0.44857348594764884,1.3636363636363635,0.6771254208754208,0.7015428178376384,2.266163847888693,2.8175484879949404,3.617048341686097,6.967539310885646,4.927016463206343,7.003677655475572,scissors
4204.0,360.71067678928375,276.637389421463,4383.0,0.08580177849412078,0.4060266844228147,0.9240506329113924,0.7289752037454482,0.6662721958526518,2.4391027360574937,3.1474679943775783,4.209299259505383,-8.50403513470627,-5.494478224701709,7.900733903352065,scissors
27979.5,1014.1736598014832,812.5650995969772,9963.0,0.03624702585112254,0.34184179450411967,2.1310344827586207,0.6244727150987613,0.5600103117012959,1.3577472872336493,2.8966485094277226,3.2588641838068177,6.35031718320084,3.9876141613410057,6.943484061449979,scissors
22002.0,865.5878744125366,676.3165974617004,10877.333333333334,0.039341326898124564,0.3690198231493351,1.7361111111111112,0.6111666666666666,0.6242308846604031,1.6490479149042803,2.8848859993573526,3.103672953103042,6.098562788467981,3.9400892219169994,7.373638544283769,scissors
16831.0,677.3868633508682,553.3573904037476,7805.333333333333,0.04024638246989889,0.46094195969279866,1.56,0.690502564102564,0.696078094090939,2.0548748518275897,2.9691927087345378,3.6006610451966594,6.949385416153177,4.796143930483526,7.182663674696117,scissors
23938.5,918.1391702890396,733.612631559372,11316.0,0.03835408109484887,0.3568533399665355,1.1376146788990826,0.44278077833678603,0.6021641044874119,1.605260982698793,2.633522014539234,3.493649808877543,7.352739931509169,-4.683381324577517,-6.562875122484081,scissors
22421.5,799.5117551088333,659.9030359983444,8594.0,0.035658263501943815,0.4407829839354424,1.8296296296296297,0.6724096566201829,0.6635140451521295,1.7657616447553866,3.484957908120728,3.852854960803507,7.530648186425062,4.8390530662385665,8.219769892547689,scissors
23415.0,905.9310210943222,709.3166230916977,11786.0,0.03869019949153629,0.358520310516402,1.9692307692307693,0.7035757211538461,0.6047524860067689,1.5935291870760695,2.809665982022418,2.996786180715699,5.900328886553897,3.793588423894178,-7.318030515652975,scissors
19848.0,759.528998374939,619.5038642883301,8447.333333333334,0.03826728125629479,0.43235242183766975,1.78125,0.6800986842105263,0.6666215098011171,1.7907990368436668,3.251015893309376,3.684667228860177,7.170087736361426,4.717741372263275,7.707021448893617,scissors
21257.0,803.872144818306,673.9802560806274,8768.666666666666,0.037816820097770425,0.4133689735207353,2.073170731707317,0.6777299537701259,0.611482263970168,1.526631757358459,3.9248583188455823,4.207831797485033,8.27815091517816,4.9735670966303305,-9.13990590628056,scissors
10838.5,599.1198381185532,475.7519655227661,8370.666666666666,0.05527700679231934,0.37944745604358043,1.0,0.5859915657439446,0.6730350502392591,2.7699891525757523,2.545516072810298,3.8026235202698886,-7.568958318113114,-5.590579564680171,6.991371279845568,scissors
13363.5,612.6345566511154,505.94762229919434,7156.333333333333,0.04584386999297455,0.44743206204926356,1.264,0.6766329113924051,0.6987089808031307,2.3628862855802235,2.685943926123038,3.736161038161462,7.228195725990985,5.250198890522111,7.016791736524139,scissors
21266.5,808.1147849559784,675.2149488925934,8935.666666666666,0.037999425620387856,0.40922275930423135,2.097560975609756,0.6701487363710846,0.6073810119436821,1.5150171284028016,3.6421364849788986,4.0835897841034665,7.967733469140348,4.885024617308418,-8.460875383130718,scissors
26950.0,978.1320314407349,771.4670383930206,11553.0,0.036294323986669194,0.3539758808060692,2.276923076923077,0.7003638253638254,0.5818461357206368,1.4502743588893252,2.950004410296129,3.0863865518442495,6.1045817629656245,3.814909396068078,-9.04765330597648,scissors
26226.0,972.2741657495499,774.3005340099335,11570.0,0.03707291107105734,0.34862973703100614,2.1159420289855073,0.6508338296605122,0.5783846543563684,1.4213706109497728,2.9491431745773498,3.2456898923088504,6.348060662178863,3.978538834491275,7.166419377617582,scissors
18710.0,799.2203429937363,622.1110931634903,9728.0,0.04271621288047762,0.36808709553139757,1.9137931034482758,0.7265455110282697,0.628051966287475,1.6938676068455223,2.805706240701749,3.1709908819981076,6.164300648633493,4.028806689180302,6.98236732903975,scissors
22341.0,810.6416974067688,672.4056515693665,8739.0,0.03628493341420567,0.42722296970454215,2.032,0.7036535433070866,0.642080675661046,1.6521586071070813,3.663283916977288,3.961576982862341,7.776396787933548,4.83767610989882,8.7518601071947,scissors
48916.5,1282.8843383789062,985.2672894001007,16778.0,0.026226004280332938,0.37349967910535065,1.3333333333333333,0.63693359375,0.6888878172670008,2.448047548436599,2.583865592578047,3.382658267994681,6.413288273948835,4.630330056570795,-6.719801277082417,scissors
28716.5,923.345233798027,763.6184160709381,9079.0,0.03215382215095945,0.4232657690390175,1.7468354430379747,0.6585144927536232,0.638799431961612,1.7260263222071377,2.519180935907715,3.153889566086953,5.990580775635822,4.018036317438728,-7.561770214538773,scissors
10686.0,604.1909056901932,476.3536386489868,8508.333333333334,0.05654041790101003,0.3678550020777413,0.9782608695652174,0.5735909822866344,0.6697805794217522,2.809190978803011,2.549181526149435,3.7996529082201183,-7.492164926094431,-5.638377145910355,6.995022689103039,scissors
23993.0,919.6467492580414,724.31543135643,10770.0,0.03832979407569047,0.3564940928425919,2.353448275862069,0.7576417835038525,0.5981921044024862,1.4960373022251767,2.9902009444317232,3.190266509443057,6.2811995460773815,3.938868188849823,7.526620851958655,scissors
39146.5,1242.1147857904434,925.9950045347214,17642.333333333332,0.03172990652524347,0.31884480093167217,1.675392670157068,0.6404859293193718,0.6107647681089788,1.7499607485847126,2.559233448787849,2.9596527798687777,5.728006300545527,3.8623429860773855,-6.41695760582122,scissors
28167.5,1003.6193993091583,786.2939233779907,10233.666666666666,0.03563040380967989,0.35141481961707655,1.6742857142857144,0.5493417844953681,0.5904181342779955,1.4580365993672542,3.2629187278435343,3.4415930035646665,6.801542367316845,4.187326521667986,7.522908843624465,scissors
23739.0,879.695519566536,695.9746255874634,9837.666666666666,0.03705697458050196,0.3854850363407599,1.4733727810650887,0.5641263277963927,0.6266501412309805,1.634809403206202,2.7828095091634237,3.24473012529568,6.258560982427079,4.076226167263134,8.031274717162752,scissors
25182.0,915.8620417118073,712.5976810455322,11106.0,0.03636971017837373,0.3772593080690428,1.206896551724138,0.5063235146275259,0.6443626916632268,1.736781938577367,3.1084001164316843,3.5087049786431903,6.824635535378126,4.398271443007899,7.555244224021363,scissors
17308.5,691.3452349901199,565.6244074106216,7911.333333333333,0.03994252737037409,0.45507119729697376,1.3687943262411348,0.6360379230514828,0.6961403232242462,2.0975331629254104,2.844290027194388,3.62498392799471,6.982555546374091,5.010243542298586,7.041725798764696,scissors
29881.0,1019.6122606992722,791.1102397441864,13372.333333333334,0.034122427652999304,0.3611893142077612,1.5294117647058822,0.6760407239819004,0.6503354987893246,1.9702951287327246,2.9434694294064974,3.1704826780557687,6.2316830725552625,4.157129907998353,-7.085022254244195,scissors
31133.0,1028.2152905464172,793.055006980896,13451.333333333334,0.033026540665737875,0.3700519693304311,1.450261780104712,0.5884476534296029,0.6475411174450912,1.8245929074539293,2.7873791667126593,3.1794316477269904,6.163572089101527,4.111201270112969,-7.3982307451297284,scissors
11271.5,656.1492756605148,495.25199365615845,9589.333333333334,0.058213128302401176,0.3289927078761287,1.2093023255813953,0.5601023653349235,0.6301442851795173,2.015271596782551,2.8479701778300868,3.4782468097170858,7.084201472585594,-5.474443907301073,6.67162008377536,scissors
22126.0,879.920916557312,677.4919054508209,10784.333333333334,0.03976863945391449,0.35910833823484706,1.2826086956521738,0.5095338983050848,0.6311261775962622,1.6929804599556655,3.227702244990885,3.3219162903505746,6.6069794564947575,4.1734556187664555,7.264720699556609,scissors
44384.0,1266.2396768331528,934.636063337326,18424.666666666668,0.02852919243045135,0.3478599802162645,1.4423076923076923,0.7112820512820512,0.6809365660119535,2.2796658588057155,2.9390619089745553,3.3957419622742657,6.638198885774879,4.6407426061336645,-6.830271419975537,scissors
30492.5,1039.854899764061,819.230936050415,14037.666666666666,0.034101989005954285,0.35437037766850693,1.7272727272727273,0.6484316852737906,0.6264733612243087,1.8306894229044008,3.085731911255428,2.9780559237124704,6.0110172242729965,3.9064884829778004,7.164603770341318,scissors
29389.0,985.3868634700775,801.1418545246124,10439.0,0.03352910488516375,0.3803479995359645,2.2686567164179103,0.7214503142183818,0.5943569869051787,1.4627065944135555,3.113330004607465,3.3668305728156183,6.607235906808656,4.100090505577306,-8.018264088526358,scissors
30421.0,998.9015828371048,784.3156745433807,11229.666666666666,0.03283592198932003,0.38312275543418167,1.908496732026144,0.6809248813680724,0.6244329158244033,1.6483273994980445,2.587213802676788,3.0493140850711478,5.870857770143157,3.8773558600416234,-6.779649449355676,scissors
31753.0,1060.9848427772522,826.6570625305176,13743.666666666666,0.03341368824291412,0.3544673742362476,1.9166666666666667,0.6807520795815111,0.6204404825681077,1.7127453864567488,2.9628359728021048,2.9813460055732595,5.953485771839735,3.841358160732788,-7.775978425431216,scissors
27843.0,956.960457444191,747.4128153324127,11537.0,0.034369875999144886,0.38206557286369297,1.903448275862069,0.6957271364317841,0.6365305948423321,1.7062022821737841,2.7165665646863246,3.124077730579206,6.044855643690171,3.977438084150109,-7.383395062892852,scissors
28649.0,964.5828224420547,788.2668788433075,10300.333333333334,0.03366898748445163,0.386937021419963,1.5260416666666667,0.5092612343572241,0.6031487847098719,1.507375224588604,2.9682745069329983,3.3117599092714407,6.454888747613911,4.103878254411765,7.375118296349387,scissors
31512.5,1024.766587138176,800.7427709102631,12505.0,0.032519368096411774,0.37708808444401376,1.336734693877551,0.6136567222308771,0.6631844779754548,1.972843325857357,2.8740741323579893,3.324594163444572,6.425143110550615,4.318442611949097,-7.550439239407057,scissors
18893.5,733.4873700141907,608.7211666107178,7897.333333333333,0.038822207109015835,0.441303123950296,1.7384615384615385,0.643073519400953,0.6593123937003892,1.7335023664002722,3.4377169879960165,3.858200723561842,7.517571682300909,4.869056229004163,8.151208684447518,scissors
25987.5,936.8599529266357,749.735356092453,10797.666666666666,0.036050407039023985,0.372070310263961,2.037878787878788,0.7318773234200744,0.624109638123162,1.645140990994621,2.833148008984177,3.137379997161192,6.123614865014625,3.9609201267037815,-7.297789854479541,scissors
20425.0,772.5584367513657,642.4636851549149,8522.666666666666,0.037824158470079104,0.4300403929194295,1.8333333333333333,0.6394002003506136,0.6417436893771735,1.647424516236989,3.6646027162162773,3.965410780111067,7.78235565235731,4.856473743193931,8.802882063226889,scissors
26411.0,934.5584366321564,750.1931118965149,10128.666666666666,0.0353851969494588,0.3799984143948623,2.066666666666667,0.7012080180538962,0.6125108572906944,1.5517221511482808,2.957460491214689,3.233171326761896,6.3287738175561215,4.011134050144447,-7.767658950343016,scissors
27313.5,987.5462453365326,781.1195149421692,11562.333333333334,0.03615597581183417,0.35194300243731363,2.408,0.7259401993355482,0.5752744965316863,1.419954696362554,2.8374588714389573,3.0520958142758197,5.99712604192701,3.773910626726028,7.46353358824903,scissors
27812.5,967.3452342748642,757.3922324180603,11913.333333333334,0.034780952243590624,0.37349681227261583,1.9513888888888888,0.687339363384737,0.6267934157616589,1.6715671303724613,2.734617133761227,3.0491989689633696,5.94157943526407,3.885584464216738,-7.272376550115095,scissors
32688.0,1034.014281153679,814.6818203926086,11825.333333333334,0.03163284022129463,0.3841891886131852,1.9430379746835442,0.6738960128643879,0.6296597902976322,1.6448373711497368,2.8152028680560193,3.211998189006682,6.225714208484996,4.0411690216757385,-7.861361912587936,scissors
15672.5,640.8599524497986,532.703455209732,6885.333333333333,0.0408907291402009,0.4795367284749513,1.4090909090909092,0.6383390355164549,0.6954460099924058,2.030220559490894,2.897147339150941,3.663381781651128,7.055170077874633,5.018157076030946,7.141707038779707,scissors
11378.5,580.693431854248,489.10478472709656,6064.333333333333,0.05103426917908758,0.4240343608119717,1.7244897959183674,0.6870245139475909,0.6477268655317252,1.7982495521847517,2.6085251924482087,3.2192079349913287,6.151574513821401,4.164589917126832,6.677040981350729,scissors
29317.0,1016.7838319540024,806.9518448114395,13915.666666666666,0.034682396969471715,0.3563461962894064,1.5688622754491017,0.6700415961969192,0.6413659931645571,2.077302437202615,3.1550188796121423,3.0601218509942516,6.169433848956457,4.115980321149301,7.21637466188535,scissors
25497.0,931.528999209404,721.3334881067276,11587.0,0.03653484720592242,0.36923782939796684,1.7044025157232705,0.591728747476154,0.6293894772343717,1.640027468919715,3.24552957821377,3.3052900246078836,6.581333686301288,4.13230698217271,-7.847801236827982,scissors
11742.5,634.0071398019791,501.2628173828125,8166.0,0.053992517760441054,0.36709809900236023,1.28,0.587125,0.6477208383561358,1.966678231596455,2.714292281761117,3.642576367633593,7.657994058909322,5.405510108627316,-6.82565710457778,scissors
16892.5,665.3452346324921,554.3865728378296,7006.666666666667,0.03938701995752506,0.4795232733462722,1.5075757575757576,0.6430828384345972,0.6891060491161893,1.9442718561189132,3.006841247117875,3.6748245040385723,7.087034136499612,4.928196025871327,7.291945688659101,scissors
21242.0,795.528998374939,656.392570734024,8728.666666666666,0.03745075785589582,0.4217870469434158,1.9291338582677164,0.6826932347742246,0.6416396989872886,1.6528692525664515,3.5835796327909644,3.8792763400751213,7.613344289363438,4.7706650465856715,8.567988340861847,scissors
22183.5,887.4041090011597,695.4150297641754,10945.333333333334,0.040002889940773986,0.3539949457869278,2.0793650793650795,0.6719829153035259,0.5936196540480712,1.5153159547198272,2.9466595517987852,3.0314691402790936,6.020916787790246,3.790251224903505,7.397063898409458,scissors
16231.5,653.688380241394,545.197713136673,6817.333333333333,0.040272826309422666,0.4773390778812585,1.584,0.6558181818181819,0.6863960852664845,1.9126116178347916,3.0760960708744944,3.6922451772416127,7.128971665251453,4.8847927406255645,7.41019806366038,scissors
25000.0,933.9310195446014,735.8346387147903,11556.666666666666,0.03735724078178406,0.3601805626238174,2.053435114503817,0.7094412440761656,0.6079750698190128,1.5956657055334622,2.8878478855841894,3.0520697792978013,6.022077586742797,3.850128949142574,-7.843400306756183,scissors
19886.5,846.4823166131973,651.5457063913345,11343.666666666666,0.042565676042199345,0.34876463338652125,1.2737430167597765,0.48727090071547585,0.6037230101747911,1.587888521252169,2.825921495508414,3.0995639800097674,6.062463371852204,3.9175625930844893,7.632580274392767,scissors
